Metabolite,Median FoldChange_clinical,p_clinical,Median FoldChange_risk,p_risk,direction
Glucose,0.828704119,1.07098E-10,0.809700184,1.85433E-84,down
GL,0.867519427,3.63641E-10,0.853973754,1.77918E-91,down
XS_VLDL_CE,1.210600699,1.5117E-07,1.188079788,2.63399E-41,up
XS_VLDL_TG_pct,0.90061643,2.44959E-07,0.925156692,4.06929E-32,down
XS_VLDL_CE_pct,1.069028691,5.77058E-07,1.063309688,2.73176E-33,up
XS_VLDL_C_pct,1.050864678,5.92288E-07,1.046654611,2.15083E-33,up
IDL_FC,1.171195992,5.96786E-07,1.175013075,7.35387E-44,up
XS_VLDL_C,1.187810676,6.06016E-07,1.159189635,9.27844E-38,up
IDL_PL,1.142287411,1.29304E-06,1.131545921,5.95785E-41,up
IDL_C,1.153689266,1.50948E-06,1.176569146,5.0059E-44,up
IDL_L,1.135234806,1.85149E-06,1.152765229,7.81513E-42,up
IDL_P,1.133381552,2.49119E-06,1.145842999,3.70677E-39,up
IDL_CE,1.181572843,2.51757E-06,1.166414576,2.36545E-43,up
S_VLDL_C_pct,1.065890896,2.96677E-06,1.050862825,4.95133E-28,up
S_VLDL_TG_pct,0.927368445,4.33004E-06,0.948106098,4.15582E-28,down
S_VLDL_CE_pct,1.058391104,4.34254E-06,1.049877312,9.28408E-25,up
M_VLDL_PL_pct,1.057726291,4.42012E-06,1.040496975,4.58895E-32,up
M_VLDL_FC_pct,1.079814971,7.71604E-06,1.062241018,3.2576E-30,up
M_VLDL_CE,1.368912786,8.83356E-06,1.335966548,2.36309E-41,up
M_VLDL_TG_pct,0.917434574,9.63588E-06,0.939228813,3.46113E-28,down
M_VLDL_C_pct,1.131870548,1.45637E-05,1.123309088,3.48139E-26,up
S_LDL_C_pct,1.021182615,1.63436E-05,1.013361821,9.61963E-28,up
S_VLDL_FC_pct,1.079741914,1.64999E-05,1.068660861,1.88968E-28,up
L_LDL_FC,1.128994137,2.20768E-05,1.152094395,2.00521E-39,up
M_VLDL_CE_pct,1.229149349,2.21827E-05,1.185285445,1.48263E-24,up
S_VLDL_PL_pct,1.041352862,2.73067E-05,1.030782127,1.75173E-26,up
Remnant_C,1.166363185,2.74416E-05,1.158239297,5.05205E-36,up
XS_VLDL_FC,1.127515926,3.50082E-05,1.122036942,2.46316E-27,up
XL_VLDL_TG_pct,0.955798197,3.66629E-05,0.969959649,5.01162E-23,down
Total_C,1.100083313,4.17808E-05,1.114998134,2.28981E-36,up
Total_CE,1.09433544,4.22014E-05,1.10886307,2.22587E-36,up
L_LDL_PL,1.134933483,4.27684E-05,1.128945698,1.18722E-36,up
IDL_TG_pct,0.91222075,4.51929E-05,0.906595833,3.67427E-27,down
Total_FC,1.102826751,5.54614E-05,1.113233357,4.79977E-35,up
Clinical_LDL_C,1.158672956,6.03818E-05,1.169642123,1.07325E-36,up
M_VLDL_C,1.237446959,6.76694E-05,1.246787958,4.16116E-37,up
XS_VLDL_FC_pct,1.016717713,7.54979E-05,1.016184341,1.01464E-23,up
non_HDL_C,1.141326137,7.66606E-05,1.138699245,3.78179E-35,up
Val,0.931867559,8.25827E-05,0.963332904,5.90422E-10,down
LDL_FC,1.128896067,8.50098E-05,1.143946379,3.22002E-36,up
L_LDL_C,1.161653244,9.14407E-05,1.128795445,5.05128E-35,up
XS_VLDL_P,1.114493383,9.84163E-05,1.108666227,3.40743E-23,up
L_LDL_L,1.141857906,0.000105017,1.124029116,7.80047E-34,up
L_HDL_PL_pct,0.968869624,0.000119367,0.98161044,6.34094E-18,down
L_LDL_FC_pct,1.030862781,0.00013363,1.023139589,8.88819E-20,up
SCA,0.914356453,0.000161592,0.949089891,4.0102E-16,down
XS_VLDL_L,1.117979003,0.000172263,1.102422684,5.99327E-22,up
L_LDL_CE,1.148361482,0.000178057,1.120067945,1.05835E-32,up
IDL_C_pct,1.019214524,0.000235396,1.019856,8.13291E-25,up
XL_VLDL_FC_pct,1.036297809,0.000247198,1.031103616,1.14123E-20,up
XL_VLDL_C_pct,1.081335579,0.000269953,1.062805119,1.05832E-17,up
L_VLDL_CE_pct,1.069547603,0.000273444,1.072594864,5.20665E-21,up
XL_HDL_C,1.120198739,0.000280647,1.11341677,1.40494E-15,up
LDL_C,1.157890935,0.000292319,1.129149087,8.02866E-32,up
Sphingomyelins,1.064691906,0.000314379,1.067929681,3.35508E-26,up
ApoB,1.112822732,0.000319406,1.111786661,1.03113E-29,up
L_LDL_P,1.117269131,0.000337212,1.112815287,2.40037E-29,up
LDL_PL,1.141722467,0.000344614,1.115341963,9.27247E-31,up
XL_HDL_CE,1.183107542,0.00035536,1.143490727,8.55666E-16,up
VLDL_CE,1.151677257,0.00038666,1.154962604,4.05023E-27,up
LDL_L,1.131469013,0.000423054,1.11402243,1.02201E-29,up
L_LDL_TG_pct,0.909127885,0.000427536,0.919626168,1.90585E-24,down
L_HDL_FC_pct,1.039893388,0.000452513,1.042850765,6.5626E-16,up
Total_BCAA,0.941394434,0.000471734,0.956211547,2.55987E-10,down
XL_VLDL_PL_pct,1.017295167,0.000483722,1.015026234,4.71709E-15,up
M_LDL_C_pct,1.010195134,0.000485904,1.010314426,6.86437E-30,up
XL_VLDL_CE_pct,1.130218931,0.000536885,1.093528775,1.9065E-15,up
M_LDL_FC,1.131922692,0.000559422,1.13527764,5.69236E-30,up
LDL_CE,1.148223646,0.000562278,1.12265094,2.75065E-29,up
XS_VLDL_PL,1.103691765,0.000578413,1.092323745,1.49886E-17,up
L_VLDL_C_pct,1.042425359,0.00065619,1.040951172,4.46401E-19,up
LDL_P,1.098781505,0.000677579,1.10373998,2.29077E-28,up
M_LDL_TG_pct,0.889261537,0.00071579,0.912404771,3.66942E-23,down
L_HDL_C_pct,1.055918991,0.00090376,1.043454011,7.06962E-14,up
XL_HDL_P,1.093477412,0.000955995,1.107118939,2.36606E-14,up
XL_HDL_FC,1.117223388,0.001009011,1.074308689,3.53684E-13,up
XL_HDL_L,1.106937524,0.001133716,1.116379522,3.19268E-12,up
L_HDL_C,1.202571143,0.00116199,1.16770288,4.88715E-14,up
Total_PL,1.057873849,0.001162867,1.068280205,1.81732E-21,up
L_HDL_CE,1.218744893,0.001202271,1.180859833,4.04728E-14,up
S_VLDL_FC,1.144880407,0.001483916,1.14219078,2.52281E-26,up
L_LDL_C_pct,1.009295997,0.001487877,1.008149754,4.76146E-25,up
IDL_FC_pct,1.022857143,0.001598615,1.020265713,4.84894E-14,up
L_HDL_FC,1.173647378,0.001854215,1.16207076,4.55301E-13,up
M_VLDL_FC,1.13656395,0.002012586,1.176695211,6.17338E-26,up
Total_L,1.059255355,0.002162682,1.076582195,3.79806E-21,up
S_LDL_FC,1.112963662,0.002219614,1.111932734,1.68807E-26,up
L_HDL_P,1.23034689,0.002646959,1.159730982,1.293E-13,up
M_LDL_P,1.100106105,0.002663084,1.097110335,3.49079E-24,up
S_LDL_C,1.11519021,0.002671746,1.102161033,1.34785E-24,up
IDL_CE_pct,1.019858718,0.003013442,1.019218879,1.40336E-20,up
M_LDL_C,1.141453551,0.00301597,1.116922037,2.46117E-24,up
Ile,0.911441523,0.003297776,0.936884663,2.17762E-09,down
S_VLDL_C,1.082501919,0.003334523,1.125331119,7.27001E-23,up
XL_HDL_PL,1.104189396,0.003386598,1.128164199,1.37155E-09,up
Cholines,1.054520179,0.003495381,1.054823009,2.92514E-16,up
S_LDL_TG_pct,0.916339428,0.003517128,0.926032084,5.75659E-14,down
L_VLDL_TG_pct,0.972176915,0.003701672,0.978694935,1.3524E-15,down
S_LDL_P,1.068480943,0.004168677,1.086553323,3.97521E-22,up
M_LDL_PL,1.10982701,0.004254298,1.097465084,9.89623E-22,up
MUFA_pct,0.973559776,0.004411252,0.970903343,2.01503E-11,down
S_LDL_CE,1.12415411,0.004413039,1.094166241,1.30536E-21,up
L_HDL_CE_pct,1.047861639,0.004454305,1.043180811,4.58813E-11,up
VLDL_C,1.095883534,0.004754367,1.121143678,1.20067E-19,up
M_LDL_L,1.110512591,0.004828147,1.103244925,5.63912E-22,up
M_HDL_FC_pct,1.02969524,0.004860547,1.025151061,4.49595E-18,up
Leu,0.955523801,0.004986799,0.948783162,3.18402E-09,down
L_HDL_L,1.14118821,0.005198297,1.110945173,1.4672E-11,up
S_VLDL_CE,1.08407593,0.006007806,1.120934256,2.06202E-20,up
M_LDL_CE,1.127417608,0.007327455,1.113525845,4.22278E-21,up
XXL_VLDL_CE_pct,1.110350794,0.007397374,1.061001918,9.9491E-09,up
S_LDL_L,1.091126999,0.007614635,1.089728129,5.36092E-21,up
Total_P,1.04810705,0.00865054,1.047828823,6.37554E-15,up
Ala,0.951518546,0.008732762,0.945186388,8.83049E-11,down
XL_HDL_TG_pct,0.86049348,0.009193542,0.90323898,1.67798E-06,down
HDL_FC,1.066286705,0.009592974,1.059267831,2.06082E-13,up
GlycA,0.957230333,0.010249059,0.972237366,1.60307E-09,down
Phosphatidylc,1.054177998,0.010529243,1.053829608,3.34306E-14,up
M_VLDL_PL,1.121567121,0.011040746,1.134642286,2.11426E-19,up
Phosphoglyc,1.062072619,0.011101949,1.05109847,4.79594E-12,up
HDL_size,1.003842955,0.011383199,1.003045199,1.58968E-08,up
XS_VLDL_PL_pct,0.993272417,0.011510683,0.989995832,4.62588E-17,down
HDL_C,1.057717131,0.012589254,1.060885522,5.7215E-13,up
HDL_CE,1.047907823,0.015428957,1.064517696,2.63313E-12,up
S_LDL_PL,1.067606791,0.016299854,1.080992598,1.88073E-19,up
M_VLDL_P,1.080342352,0.016680826,1.118521301,1.0607E-17,up
L_HDL_PL,1.088999547,0.018039838,1.097184611,4.52426E-09,up
XL_HDL_FC_pct,0.970956345,0.02026703,0.970396298,1.35166E-06,down
Omega_6,1.030232157,0.022641004,1.041778774,1.57423E-12,up
S_VLDL_PL,1.071649613,0.023210948,1.094372363,8.97246E-17,up
M_LDL_FC_pct,1.027577872,0.025529162,1.018179809,3.14598E-07,up
HDL_P,1.047276391,0.026955341,1.044484181,5.79718E-11,up
S_LDL_CE_pct,1.010636198,0.027439749,1.0095368,2.72037E-08,up
XXL_VLDL_C_pct,1.070349862,0.028515133,1.04546806,3.77266E-07,up
LA,1.033278207,0.029784707,1.049773136,1.81442E-11,up
HDL_L,1.037354909,0.031203407,1.045747879,1.51332E-09,up
TG_by_PG,0.919382578,0.032602752,0.947021697,4.25625E-05,down
PUFA,1.030921096,0.033119931,1.051026841,1.87192E-14,up
VLDL_size,0.992631365,0.035880594,0.994521521,0.000382301,down
ApoA1,1.024276236,0.036538029,1.038636277,3.30428E-09,up
LDL_size,1.000418831,0.038385862,1.000795978,2.87422E-08,up
L_HDL_TG_pct,0.905026597,0.040537486,0.929353277,5.02472E-06,down
M_HDL_FC,1.04749581,0.04169568,1.061693068,9.40421E-09,up
M_HDL_PL_pct,0.993071208,0.044060099,0.99397076,2.23829E-08,down
PUFA_by_MUFA,1.037092638,0.045261066,1.046400914,8.93767E-08,up
